Model,Accuracy,AUC,Precision,Recall,F1
Logistic Regression,0.5853607382550335,0.6242153290053403,0.4846533296793642,0.6197652006308043,0.5439446366782007
Decision Tree,0.5869686800894854,0.6052428140516823,0.4844065166795966,0.5470474855440687,0.5138248847926268
KNN,0.5118847874720358,0.5849642762941967,0.43722304283604135,0.7779919397231471,0.5598285209935695
Naive Bayes,0.6157718120805369,0.6158261897913093,0.5631358467983244,0.16488522866654984,0.25508267823258335
Random Forest,0.6110178970917226,0.6486922477898299,0.5105410585286746,0.6067986683020852,0.5545236188951161
XGBoost,0.597734899328859,0.6572413239699041,0.4969774919614148,0.6770632556509549,0.573208722741433
